{"cameraMode":{"drawMode":0,"name":"Shaded","section":"Shading Mode"},"sceneLighting":true,"audioPlay":false,"sceneViewState":{"m_AlwaysRefresh":false,"showFog":true,"showSkybox":true,"showFlares":true,"showImageEffects":true,"showParticleSystems":true,"showVisualEffectGraphs":true,"m_FxEnabled":true},"in2DMode":false,"pivot":{"x":0.14295679330825807,"y":0.5489449501037598,"z":4.460000038146973},"rotation":{"x":-0.00005102306749904528,"y":0.9999467730522156,"z":0.00810142420232296,"w":0.006296004168689251},"size":1.550838589668274,"orthographic":true}